Date (日期),Ticker (股票代码),Name (名称),Type (类型),Volume (成交量),Signal Strength,Direction (方向),ML_Prob,ML_Detail,Pattern (形态),Daily_J,Weekly_J,Price,ATR,Stop_Loss (止损),Suggested_Shares (建议股数),Position_Size (建议仓位$)
2026-03-02,NO_SIGNAL,无信号,Info,0,No Signal,无信号,,,无信号,,,,,,,
2026-01-22,IWM,罗素2000指数ETF,Index ETF,35110779,Strong + Div,Short,35.1%,XGB:0.43|LGB:0.43|LR:0.33|N:299|Base:0.33,Doji (十字星),86.81,103.16,269.79,3.73,277.25,67.0,18075.0
2026-01-20,IWM,罗素2000指数ETF,Index ETF,47911489,Strong,Short,29.8%,XGB:0.14|LGB:0.22|LR:0.35|N:297|Base:0.33,"Doji (十字星), Doji (十字星), Doji (十字星), Doji (十字星), Doji (十字星)",75.28,95.69,262.58,3.55,269.68,70.0,18380.0
2026-01-16,IWM,罗素2000指数ETF,Index ETF,33844875,Strong + Div,Short,38.5%,XGB:0.66|LGB:0.43|LR:0.46|N:296|Base:0.33,"Doji (十字星), Doji (十字星)",98.09,100.99,265.76,3.46,272.68,72.0,19134.0
2026-01-15,IWM,罗素2000指数ETF,Index ETF,33465208,Strong + Div,Short,39.8%,XGB:0.53|LGB:0.65|LR:0.52|N:295|Base:0.33,Doji (十字星),102.54,100.82,265.51,3.53,272.57,70.0,18585.0
2026-01-14,IWM,罗素2000指数ETF,Index ETF,37164298,Strong + Div,Short,39.4%,XGB:0.54|LGB:0.61|LR:0.51|N:294|Base:0.33,Doji (十字星),108.87,103.34,263.19,3.51,270.21,71.0,18686.0
2026-01-13,IWM,罗素2000指数ETF,Index ETF,33882364,Strong,Short,38.0%,XGB:0.59|LGB:0.42|LR:0.52|N:293|Base:0.33,"Doji (十字星), Doji (十字星)",107.82,100.43,261.35,3.52,268.39,71.0,18555.0
2026-01-12,IWM,罗素2000指数ETF,Index ETF,28423355,Strong,Short,39.6%,XGB:0.64|LGB:0.51|LR:0.50|N:292|Base:0.34,Doji (十字星),114.35,103.57,261.5,3.61,268.72,69.0,18043.0
2026-01-09,IWM,罗素2000指数ETF,Index ETF,36301546,Strong + Div,Short,39.2%,XGB:0.54|LGB:0.56|LR:0.52|N:291|Base:0.34,Doji (十字星),111.2,92.81,260.23,3.62,267.47,69.0,17955.0
2026-01-07,IWM,罗素2000指数ETF,Index ETF,33052026,Strong,Short,32.2%,XGB:0.20|LGB:0.23|LR:0.51|N:289|Base:0.34,Doji (十字星),104.27,88.75,255.48,3.56,262.6,70.0,17883.0
2026-01-29,QQQ,纳斯达克100指数ETF,Index ETF,79944047,Strong,Short,29.7%,XGB:0.16|LGB:0.07|LR:0.65|N:304|Base:0.24,"Doji (十字星), Doji (十字星), Doji (十字星)",92.17,85.76,629.43,8.35,646.13,29.0,18253.0
2026-01-28,QQQ,纳斯达克100指数ETF,Index ETF,50691691,Strong,Short,32.2%,XGB:0.35|LGB:0.20|LR:0.69|N:303|Base:0.24,Doji (十字星),102.34,93.88,633.22,7.81,648.84,32.0,20263.0
2026-01-27,QQQ,纳斯达克100指数ETF,Index ETF,38997212,Strong,Short,29.6%,XGB:0.40|LGB:0.35|LR:0.67|N:302|Base:0.25,Doji (十字星),99.34,98.88,631.13,7.99,647.11,31.0,19565.0
2025-12-30,QQQ,纳斯达克100指数ETF,Index ETF,31226754,Strong,Short,31.3%,XGB:0.18|LGB:0.35|LR:0.52|HMM:0,"Doji (十字星), Doji (十字星), Doji (十字星)",91.7,73.48,619.43,6.22,631.87,40.0,24777.0
2025-12-29,QQQ,纳斯达克100指数ETF,Index ETF,32458308,Strong,Short,31.3%,XGB:0.18|LGB:0.35|LR:0.52|HMM:0,"Doji (十字星), Doji (十字星)",102.47,75.51,620.87,6.72,634.31,37.0,22972.0
2025-12-26,QQQ,纳斯达克100指数ETF,Index ETF,28959778,Strong,Short,31.3%,XGB:0.18|LGB:0.35|LR:0.52|HMM:0,Doji (十字星),111.5,73.25,623.89,6.96,637.81,35.0,21836.0
2026-02-26,SOXL,半导体3倍做多ETF,Index ETF,97787941,Strong,Short,38.3%,XGB:0.46|LGB:0.55|LR:0.54|N:323|Base:0.33,Doji (十字星),62.26,78.93,65.34,5.66,76.66,44.0,2874.0
2026-02-20,SOXL,半导体3倍做多ETF,Index ETF,81017925,Strong,Short,35.3%,XGB:0.38|LGB:0.44|LR:0.43|N:319|Base:0.33,Shooting Star (射击之星),70.21,82.16,67.11,5.63,78.37,44.0,2952.0
2026-02-19,SOXL,半导体3倍做多ETF,Index ETF,68827490,Strong,Short,35.0%,XGB:0.40|LGB:0.38|LR:0.43|N:318|Base:0.33,"Bearish Engulfing (看跌吞没), Hanging Man (吊颈线), Shooting Star (射击之星)",72.11,77.28,65.23,5.7,76.63,43.0,2804.0
2026-02-18,SOXL,半导体3倍做多ETF,Index ETF,69348988,Strong,Short,29.2%,XGB:0.13|LGB:0.16|LR:0.41|N:317|Base:0.33,"Hanging Man (吊颈线), Bearish Engulfing (看跌吞没), Shooting Star (射击之星)",82.25,80.03,66.29,5.89,78.07,42.0,2784.0
2026-02-17,SOXL,半导体3倍做多ETF,Index ETF,79420360,Strong,Short,30.5%,XGB:0.21|LGB:0.21|LR:0.39|N:316|Base:0.33,"Hanging Man (吊颈线), Bearish Engulfing (看跌吞没), Hanging Man (吊颈线)",77.52,75.0,64.35,6.0,76.35,41.0,2638.0
2026-02-13,SOXL,半导体3倍做多ETF,Index ETF,79931289,Strong,Short,31.2%,XGB:0.12|LGB:0.13|LR:0.44|HMM:1,"Hanging Man (吊颈线), Bearish Engulfing (看跌吞没)",79.49,77.78,64.59,6.5,77.59,38.0,2454.0
2026-02-12,SOXL,半导体3倍做多ETF,Index ETF,90896096,Strong,Short,36.0%,XGB:0.50|LGB:0.40|LR:0.38|N:314|Base:0.33,"Hanging Man (吊颈线), Bearish Engulfing (看跌吞没)",79.82,74.59,63.1,6.06,75.22,41.0,2587.0
2026-02-11,SOXL,半导体3倍做多ETF,Index ETF,89724221,Strong,Short,32.6%,XGB:0.25|LGB:0.35|LR:0.36|N:313|Base:0.33,Hanging Man (吊颈线),88.7,85.2,68.05,5.9,79.85,42.0,2858.0
2026-01-29,SOXL,半导体3倍做多ETF,Index ETF,78058215,Strong,Short,45.2%,XGB:0.81|LGB:0.78|LR:0.62|N:304|Base:0.34,Doji (十字星),92.33,102.07,70.47,4.42,79.31,56.0,3946.0
2026-01-23,SOXL,半导体3倍做多ETF,Index ETF,58613555,Strong,Short,38.3%,XGB:0.16|LGB:0.29|LR:0.69|N:300|Base:0.34,Doji (十字星),67.11,98.04,61.6,3.89,69.38,64.0,3942.0
2026-01-20,SOXL,半导体3倍做多ETF,Index ETF,71408349,Strong,Short,38.1%,XGB:0.15|LGB:0.39|LR:0.65|N:297|Base:0.34,"Doji (十字星), Shooting Star (射击之星)",73.64,99.03,57.94,3.67,65.28,68.0,3939.0
2026-01-16,SOXL,半导体3倍做多ETF,Index ETF,58559515,Strong + Div,Short,37.6%,XGB:0.42|LGB:0.49|LR:0.63|N:296|Base:0.33,Doji (十字星),85.38,105.23,60.75,3.65,68.05,68.0,4131.0
2026-01-14,SOXL,半导体3倍做多ETF,Index ETF,70434851,Strong,Short,43.7%,XGB:0.71|LGB:0.72|LR:0.68|N:294|Base:0.34,"Doji (十字星), Hanging Man (吊颈线)",88.47,102.58,55.38,3.41,62.2,73.0,4042.0
2026-01-13,SOXL,半导体3倍做多ETF,Index ETF,61895357,Strong + Div,Short,39.6%,XGB:0.51|LGB:0.55|LR:0.70|N:293|Base:0.33,Doji (十字星),95.66,104.39,56.07,3.44,62.95,72.0,4037.0
2026-01-08,SOXL,半导体3倍做多ETF,Index ETF,79844752,Strong,Short,43.9%,XGB:0.62|LGB:0.81|LR:0.72|N:290|Base:0.34,Doji (十字星),73.35,88.09,49.65,3.41,56.47,73.0,3624.0
2026-01-07,SOXL,半导体3倍做多ETF,Index ETF,65698487,Strong,Short,45.3%,XGB:0.78|LGB:0.83|LR:0.65|N:289|Base:0.34,Doji (十字星),93.72,95.94,52.29,3.35,58.99,74.0,3869.0
2026-02-11,AAPL,苹果,Stock,51931283,Strong,Short,28.4%,XGB:0.16|LGB:0.21|LR:0.48|N:313|Base:0.30,"Doji (十字星), Doji (十字星), Doji (十字星)",79.47,90.1,275.5,5.83,287.16,42.0,11571.0
2026-02-10,AAPL,苹果,Stock,34376898,Strong,Short,31.8%,XGB:0.13|LGB:0.20|LR:0.49|N:312|Base:0.30,"Doji (十字星), Doji (十字星)",78.87,86.33,273.68,5.77,285.22,43.0,11768.0
2026-02-09,AAPL,苹果,Stock,44623396,Strong,Short,31.2%,XGB:0.23|LGB:0.37|LR:0.48|N:311|Base:0.30,"Doji (十字星), Doji (十字星)",87.62,88.28,274.62,6.03,286.68,41.0,11259.0
2026-02-06,AAPL,苹果,Stock,50453414,Strong + Div,Short,21.6%,XGB:0.21|LGB:0.14|LR:0.38|HMM:1,Shooting Star (射击之星),99.21,67.04,278.12,6.51,291.14,38.0,10568.0
2026-02-03,AAPL,苹果,Stock,64394655,Strong,Short,21.6%,XGB:0.21|LGB:0.14|LR:0.38|HMM:1,Doji (十字星),110.09,50.22,269.48,6.41,282.3,39.0,10509.0
2026-01-29,AMD,超威半导体,Stock,31685168,Strong,Short,39.0%,XGB:0.52|LGB:0.51|LR:0.48|N:304|Base:0.35,"Doji (十字星), Doji (十字星), Hanging Man (吊颈线)",63.16,90.94,252.18,10.75,273.68,23.0,5800.0
2026-01-28,AMD,超威半导体,Stock,27061187,Strong,Short,34.3%,XGB:0.34|LGB:0.26|LR:0.48|N:303|Base:0.35,"Doji (十字星), Doji (十字星), Doji (十字星)",68.56,91.56,252.74,10.06,272.86,24.0,6065.0
2026-01-27,AMD,超威半导体,Stock,25691598,Strong,Short,36.7%,XGB:0.52|LGB:0.28|LR:0.50|N:302|Base:0.35,"Doji (十字星), Doji (十字星)",77.66,90.77,252.03,10.28,272.59,24.0,6048.0
2026-01-26,AMD,超威半导体,Stock,30672461,Strong,Short,36.6%,XGB:0.34|LGB:0.44|LR:0.52|N:301|Base:0.35,"Doji (十字星), Doji (十字星)",87.01,89.96,251.31,10.49,272.29,23.0,5780.0
2026-01-23,AMD,超威半导体,Stock,47525928,Strong + Div,Short,32.6%,XGB:0.30|LGB:0.14|LR:0.46|N:300|Base:0.35,Doji (十字星),106.06,83.35,259.68,10.58,280.84,23.0,5972.0
2026-01-22,AMD,超威半导体,Stock,37945005,Strong,Short,36.9%,XGB:0.49|LGB:0.35|LR:0.46|N:299|Base:0.35,Doji (十字星),110.98,88.18,253.73,10.37,274.47,24.0,6089.0
2026-01-20,AMD,超威半导体,Stock,44327712,Strong,Short,22.2%,XGB:0.04|LGB:0.05|LR:0.34|HMM:1,Doji (十字星),96.55,78.1,231.92,10.0,251.92,25.0,5798.0
2026-02-02,AMZN,亚马逊,Stock,37546102,Strong,Short,40.0%,XGB:0.53|LGB:0.52|LR:0.47|N:306|Base:0.36,"Doji (十字星), Doji (十字星)",78.98,84.06,242.96,5.68,254.32,44.0,10690.0
2026-01-30,AMZN,亚马逊,Stock,46585024,Strong,Short,40.9%,XGB:0.59|LGB:0.56|LR:0.42|N:305|Base:0.36,"Doji (十字星), Doji (十字星)",72.61,75.81,239.3,5.54,250.38,45.0,10768.0
2026-01-29,AMZN,亚马逊,Stock,47229643,Strong,Short,42.8%,XGB:0.82|LGB:0.81|LR:0.48|N:304|Base:0.36,Doji (十字星),85.65,82.57,241.73,5.53,252.79,45.0,10877.0
2026-01-13,AMZN,亚马逊,Stock,38371778,Strong,Short,38.2%,XGB:0.28|LGB:0.30|LR:0.60|N:293|Base:0.35,"Shooting Star (射击之星), Doji (十字星)",84.48,87.29,242.6,5.29,253.18,47.0,11402.0
2026-01-12,AMZN,亚马逊,Stock,35867770,Strong,Short,38.8%,XGB:0.24|LGB:0.29|LR:0.64|N:292|Base:0.35,Doji (十字星),99.98,96.2,246.47,5.13,256.73,48.0,11830.0
2026-01-02,AVGO,,Stock,25398600,Strong,Short,36.2%,XGB:0.37|LGB:0.42|LR:0.50|N:286|Base:0.34,Doji (十字星),75.69,18.51,347.62,13.27,374.16,18.0,6257.0
2025-12-31,AVGO,,Stock,15346052,Strong,Short,35.5%,XGB:0.17|LGB:0.18|LR:0.53|N:285|Base:0.34,Doji (十字星),98.95,17.24,346.1,13.13,372.36,19.0,6575.0
2025-12-30,AVGO,,Stock,16633607,Strong,Short,39.5%,XGB:0.46|LGB:0.61|LR:0.52|N:284|Base:0.35,Doji (十字星),106.49,20.37,349.85,13.8,377.45,18.0,6297.0
2026-02-24,COIN,Coinbase,Stock,10442922,Strong,Short,38.8%,XGB:0.46|LGB:0.49|LR:0.68|N:321|Base:0.34,Shooting Star (射击之星),75.24,22.46,162.03,12.15,186.33,20.0,3240.0
2026-02-23,COIN,Coinbase,Stock,12685504,Strong,Short,35.4%,XGB:0.19|LGB:0.21|LR:0.53|N:320|Base:0.33,Shooting Star (射击之星),83.46,21.34,160.24,12.35,184.94,20.0,3204.0
2026-03-19,CRCL,,Stock,19382371,Strong,Short,29.6%,XGB:0.04|LGB:0.05|LR:0.39|N:164|Base:0.30,Hanging Man (吊颈线),78.56,110.99,128.33,8.35,145.03,29.0,3721.0
2026-03-13,CRCL,,Stock,11292077,Strong,Short,32.3%,XGB:0.28|LGB:0.58|LR:0.31|N:160|Base:0.31,"Bearish Engulfing (看跌吞没), Shooting Star (射击之星)",72.66,106.69,115.38,7.49,130.36,33.0,3807.0
2026-03-12,CRCL,,Stock,12117582,Strong,Short,29.6%,XGB:0.21|LGB:0.27|LR:0.23|N:159|Base:0.31,"Bearish Engulfing (看跌吞没), Shooting Star (射击之星)",77.07,105.42,114.18,7.6,129.38,32.0,3653.0
2026-03-11,CRCL,,Stock,19135761,Strong,Short,27.8%,XGB:0.08|LGB:0.12|LR:0.19|N:158|Base:0.31,Bearish Engulfing (看跌吞没),81.3,103.97,112.81,7.83,128.47,31.0,3497.0
2026-03-06,CRCL,,Stock,16147263,Strong,Short,32.8%,XGB:0.41|LGB:0.34|LR:0.45|N:155|Base:0.32,"Doji (十字星), Shooting Star (射击之星)",90.66,94.91,101.91,7.14,116.19,35.0,3566.0
2026-03-05,CRCL,,Stock,20902200,Strong + Div,Short,30.5%,XGB:0.20|LGB:0.45|LR:0.03|N:154|Base:0.31,Doji (十字星),98.94,99.86,105.74,7.22,120.18,34.0,3595.0
2026-02-19,CRWV,,Stock,10807600,Strong + Div,Short,32.0%,XGB:0.38|LGB:0.34|LR:0.28|N:191|Base:0.31,Hanging Man (吊颈线),92.39,68.08,97.14,8.37,113.88,29.0,2817.0
2026-02-18,CRWV,,Stock,17481800,Strong,Short,37.0%,XGB:0.74|LGB:0.54|LR:0.42|N:190|Base:0.32,"Doji (十字星), Hanging Man (吊颈线)",88.44,65.09,95.45,8.64,112.73,28.0,2672.0
2026-02-17,CRWV,,Stock,17482200,Strong,Short,35.9%,XGB:0.45|LGB:0.64|LR:0.47|N:189|Base:0.32,"Doji (十字星), Hanging Man (吊颈线)",85.55,57.23,91.0,8.56,108.12,29.0,2639.0
2026-01-28,CRWV,,Stock,36455600,Strong,Short,28.3%,XGB:0.11|LGB:0.11|LR:0.29|N:176|Base:0.31,Dark Cloud Cover (乌云盖顶),72.0,100.02,106.02,8.5,123.02,29.0,3074.0
2026-01-22,CRWV,,Stock,19946400,Strong,Short,30.9%,XGB:0.07|LGB:0.05|LR:0.39|N:172|Base:0.32,"Doji (十字星), Doji (十字星), Hanging Man (吊颈线)",62.59,88.69,91.79,7.12,106.03,35.0,3212.0
2026-01-21,CRWV,,Stock,29676600,Strong,Short,31.7%,XGB:0.34|LGB:0.18|LR:0.46|N:171|Base:0.32,"Doji (十字星), Doji (十字星), Hanging Man (吊颈线)",74.9,93.18,94.05,7.06,108.17,35.0,3291.0
2026-01-20,CRWV,,Stock,26822500,Strong,Short,28.8%,XGB:0.09|LGB:0.10|LR:0.37|N:170|Base:0.32,"Doji (十字星), Doji (十字星)",86.35,95.5,95.22,6.93,109.08,36.0,3427.0
2026-02-25,GOOGL,谷歌,Stock,29963621,Strong,Short,39.5%,XGB:0.69|LGB:0.55|LR:0.46|N:322|Base:0.32,Doji (十字星),81.24,14.97,312.9,8.87,330.64,28.0,8761.0
2026-02-03,GOOGL,谷歌,Stock,36506709,Strong,Short,31.3%,XGB:0.22|LGB:0.39|LR:0.43|N:307|Base:0.31,"Doji (十字星), Doji (十字星), Dark Cloud Cover (乌云盖顶)",75.45,84.07,339.71,8.37,356.45,29.0,9851.0
2026-01-30,GOOGL,谷歌,Stock,31023954,Strong,Short,30.5%,XGB:0.27|LGB:0.27|LR:0.42|N:305|Base:0.31,"Doji (十字星), Doji (十字星)",91.01,85.61,338.0,8.05,354.1,31.0,10478.0
2026-01-29,GOOGL,谷歌,Stock,39785612,Strong,Short,31.3%,XGB:0.31|LGB:0.28|LR:0.43|N:304|Base:0.31,Doji (十字星),92.18,86.03,338.25,8.08,354.41,30.0,10147.0
2026-01-28,GOOGL,谷歌,Stock,27434434,Strong + Div,Short,34.9%,XGB:0.42|LGB:0.49|LR:0.45|N:303|Base:0.31,"Doji (十字星), Doji (十字星)",90.44,84.98,336.01,7.49,350.99,33.0,11088.0
2026-01-16,GOOGL,谷歌,Stock,40341637,Strong,Short,30.4%,XGB:0.06|LGB:0.07|LR:0.46|N:296|Base:0.30,"Doji (十字星), Doji (十字星), Bearish Engulfing (看跌吞没)",67.93,86.19,330.0,7.44,344.88,33.0,10890.0
2026-01-15,GOOGL,谷歌,Stock,28442406,Strong,Short,29.3%,XGB:0.16|LGB:0.26|LR:0.46|N:295|Base:0.31,"Doji (十字星), Doji (十字星), Bearish Engulfing (看跌吞没)",80.93,89.66,332.78,7.48,347.74,33.0,10981.0
2026-01-14,GOOGL,谷歌,Stock,28525571,Strong,Short,29.9%,XGB:0.20|LGB:0.30|LR:0.41|N:294|Base:0.31,"Doji (十字星), Doji (十字星)",91.31,93.48,335.84,7.52,350.88,33.0,11082.0
2026-01-13,GOOGL,谷歌,Stock,33517607,Strong + Div,Short,28.5%,XGB:0.13|LGB:0.25|LR:0.38|N:293|Base:0.31,Doji (十字星),92.96,93.64,335.97,7.64,351.25,32.0,10751.0
2026-01-09,GOOGL,谷歌,Stock,26214166,Strong + Div,Short,32.8%,XGB:0.34|LGB:0.41|LR:0.40|N:291|Base:0.31,Doji (十字星),85.2,88.58,328.57,7.45,343.47,33.0,10842.0
2026-01-05,GOOGL,谷歌,Stock,30195597,Strong + Div + AI_Bear,Short,53.0%,XGB:0.42|LGB:0.62|LR:0.57|HMM:0,Shooting Star (射击之星),69.81,75.06,316.54,6.14,328.82,40.0,12661.0
2026-01-02,GOOGL,谷歌,Stock,32009385,Strong + Div,Short,28.1%,XGB:0.13|LGB:0.16|LR:0.36|N:286|Base:0.31,"Doji (十字星), Doji (十字星)",78.74,72.99,315.15,7.22,329.59,34.0,10715.0
2025-12-31,GOOGL,谷歌,Stock,16377689,Strong,Short,27.8%,XGB:0.13|LGB:0.11|LR:0.37|N:285|Base:0.32,"Doji (十字星), Doji (十字星), Doji (十字星)",94.73,70.11,313.0,6.84,326.68,36.0,11268.0
2025-12-30,GOOGL,谷歌,Stock,17380888,Strong,Short,27.9%,XGB:0.10|LGB:0.14|LR:0.37|N:284|Base:0.32,"Doji (十字星), Doji (十字星)",105.71,71.25,313.85,7.12,328.09,35.0,10984.0
2025-12-29,GOOGL,谷歌,Stock,19621777,Strong,Short,29.9%,XGB:0.06|LGB:0.06|LR:0.37|N:283|Base:0.32,Doji (十字星),112.31,70.86,313.56,7.33,328.22,34.0,10661.0
2026-02-03,META,元宇宙(Facebook),Stock,13760663,Strong,Short,30.8%,XGB:0.22|LGB:0.13|LR:0.39|N:307|Base:0.34,Doji (十字星),65.6,75.59,691.7,21.77,735.24,11.0,7608.0
2026-02-02,META,元宇宙(Facebook),Stock,14365224,Strong,Short,29.3%,XGB:0.14|LGB:0.09|LR:0.41|N:306|Base:0.34,Doji (十字星),87.55,83.53,706.41,21.09,748.59,11.0,7770.0
2026-01-30,META,元宇宙(Facebook),Stock,23744573,Strong,Short,44.0%,XGB:0.42|LGB:0.36|LR:0.64|HMM:0,Doji (十字星),101.29,77.48,716.5,25.02,766.54,9.0,6448.0
2026-01-29,META,元宇宙(Facebook),Stock,59852903,Strong + Div,Short,34.2%,XGB:0.08|LGB:0.11|LR:0.52|N:304|Base:0.34,Doji (十字星),114.83,89.26,738.31,21.09,780.49,11.0,8121.0
2026-01-28,META,元宇宙(Facebook),Stock,25709600,Strong,Short,44.0%,XGB:0.42|LGB:0.36|LR:0.64|HMM:0,Doji (十字星),114.1,62.71,668.73,17.35,703.43,14.0,9362.0
2026-01-27,META,元宇宙(Facebook),Stock,13297350,Strong,Short,44.0%,XGB:0.42|LGB:0.36|LR:0.64|HMM:0,Doji (十字星),119.29,65.68,672.97,18.23,709.43,13.0,8748.0
2026-01-28,MSFT,微软,Stock,36875403,Strong + AI_Bear,Short,50.2%,XGB:0.10|LGB:0.12|LR:0.67|HMM:1,Hanging Man (吊颈线),117.47,73.56,481.63,10.59,502.81,23.0,11077.0
2026-02-26,MU,美光科技,Stock,35433455,Strong,Short,33.9%,XGB:0.35|LGB:0.41|LR:0.56|N:323|Base:0.31,"Doji (十字星), Doji (十字星)",62.1,76.32,415.56,24.36,464.28,10.0,4155.0
2026-02-25,MU,美光科技,Stock,27296338,Strong + Div,Short,33.9%,XGB:0.41|LGB:0.41|LR:0.50|N:322|Base:0.30,"Doji (十字星), Doji (十字星)",80.5,82.22,429.0,23.77,476.54,10.0,4290.0
2026-02-24,MU,美光科技,Stock,33389161,Strong,Short,34.2%,XGB:0.40|LGB:0.42|LR:0.53|N:321|Base:0.31,Doji (十字星),74.11,77.39,418.01,24.15,466.31,10.0,4180.0
2026-02-23,MU,美光科技,Stock,25426639,Strong,Short,36.9%,XGB:0.59|LGB:0.48|LR:0.51|N:320|Base:0.31,Doji (十字星),88.73,78.69,420.97,24.08,469.13,10.0,4209.0
2026-02-19,MU,美光科技,Stock,21651264,Strong,Short,38.8%,XGB:0.64|LGB:0.62|LR:0.46|N:318|Base:0.31,Shooting Star (射击之星),79.07,75.84,417.35,25.39,468.13,9.0,3756.0
2026-01-30,MU,美光科技,Stock,51022881,Strong,Short,27.0%,XGB:0.14|LGB:0.26|LR:0.16|N:305|Base:0.30,Hanging Man (吊颈线),67.15,89.43,414.88,21.89,458.66,11.0,4563.0
2026-01-29,MU,美光科技,Stock,42675710,Strong + Div,Short,27.3%,XGB:0.12|LGB:0.27|LR:0.23|N:304|Base:0.30,Hanging Man (吊颈线),94.23,99.84,435.79,19.85,475.49,12.0,5229.0
2026-01-27,MU,美光科技,Stock,36212062,Strong + Div,Short,31.9%,XGB:0.59|LGB:0.56|LR:0.22|N:302|Base:0.30,Doji (十字星),88.09,100.47,410.24,18.58,447.4,13.0,5333.0
2026-01-26,MU,美光科技,Stock,29193925,Strong,Short,31.9%,XGB:0.29|LGB:0.50|LR:0.22|N:301|Base:0.30,"Doji (十字星), Doji (十字星)",78.64,93.43,389.09,17.91,424.91,13.0,5058.0
2026-01-23,MU,美光科技,Stock,35404198,Strong + Div,Short,25.2%,XGB:0.10|LGB:0.12|LR:0.19|N:300|Base:0.30,Doji (十字星),91.96,100.73,399.65,18.1,435.85,13.0,5195.0
2026-01-22,MU,美光科技,Stock,39607596,Strong,Short,26.9%,XGB:0.11|LGB:0.24|LR:0.20|N:299|Base:0.30,Doji (十字星),98.21,105.61,397.58,17.83,433.24,14.0,5566.0
2026-01-20,MU,美光科技,Stock,49744908,Strong + Div,Short,28.0%,XGB:0.26|LGB:0.20|LR:0.18|N:297|Base:0.30,Doji (十字星),73.78,98.08,365.0,16.7,398.4,14.0,5110.0
2026-01-15,MU,美光科技,Stock,25370230,Strong,Short,30.9%,XGB:0.38|LGB:0.33|LR:0.16|N:295|Base:0.31,"Bearish Engulfing (看跌吞没), Doji (十字星)",62.15,99.35,336.63,15.45,367.53,16.0,5386.0
2026-01-14,MU,美光科技,Stock,20277196,Strong,Short,32.4%,XGB:0.57|LGB:0.73|LR:0.19|N:294|Base:0.31,"Bearish Engulfing (看跌吞没), Doji (十字星)",71.51,97.74,333.35,15.53,364.41,16.0,5333.0
2026-01-13,MU,美光科技,Stock,23881339,Strong,Short,34.6%,XGB:0.40|LGB:0.60|LR:0.25|N:293|Base:0.31,"Doji (十字星), Bearish Engulfing (看跌吞没)",85.98,100.08,338.13,15.89,369.91,15.0,5071.0
2026-01-12,MU,美光科技,Stock,23152588,Strong + Div,Short,34.7%,XGB:0.39|LGB:0.58|LR:0.32|N:292|Base:0.31,Doji (十字星),95.85,105.21,345.87,15.88,377.63,15.0,5188.0
2026-01-09,MU,美光科技,Stock,33387505,Strong + Div,Short,37.1%,XGB:0.75|LGB:0.72|LR:0.41|N:291|Base:0.31,Doji (十字星),90.95,105.23,345.09,16.39,377.87,15.0,5176.0
2026-01-08,MU,美光科技,Stock,33897720,Strong,Short,33.1%,XGB:0.25|LGB:0.50|LR:0.43|N:290|Base:0.31,Doji (十字星),77.8,96.09,327.02,16.15,359.32,15.0,4905.0
2026-01-07,MU,美光科技,Stock,32781099,Strong,Short,31.4%,XGB:0.24|LGB:0.51|LR:0.19|N:289|Base:0.30,Doji (十字星),93.28,102.43,339.55,15.67,370.89,15.0,5093.0
2025-12-31,MU,美光科技,Stock,17573788,Strong,Short,37.9%,XGB:0.53|LGB:0.74|LR:0.34|N:285|Base:0.31,Doji (十字星),87.3,92.52,285.41,13.67,312.75,18.0,5137.0
2025-12-30,MU,美光科技,Stock,23056391,Strong,Short,31.0%,XGB:0.28|LGB:0.30|LR:0.39|N:284|Base:0.31,Doji (十字星),104.22,97.81,292.63,14.03,320.69,17.0,4974.0
2026-02-25,NVDA,英伟达,Stock,250637102,Strong,Short,32.8%,XGB:0.18|LGB:0.14|LR:0.50|N:322|Base:0.31,Doji (十字星),97.04,94.27,195.56,5.88,207.32,42.0,8213.0
2026-02-24,NVDA,英伟达,Stock,175123602,Strong,Short,33.2%,XGB:0.40|LGB:0.33|LR:0.41|N:321|Base:0.31,"Doji (十字星), Doji (十字星)",95.58,94.88,192.85,5.96,204.77,41.0,7906.0
2026-02-23,NVDA,英伟达,Stock,171584839,Strong + Div,Short,34.4%,XGB:0.38|LGB:0.45|LR:0.41|N:320|Base:0.32,Doji (十字星),84.93,90.57,191.55,5.93,203.41,42.0,8045.0
2026-02-02,NVDA,英伟达,Stock,165794054,Strong,Short,37.2%,XGB:0.57|LGB:0.36|LR:0.68|N:306|Base:0.32,"Doji (十字星), Doji (十字星), Doji (十字星), Doji (十字星), Shooting Star (射击之星)",64.87,82.11,185.61,5.26,196.13,47.0,8723.0
2026-01-30,NVDA,英伟达,Stock,179489463,Strong,Short,32.8%,XGB:0.31|LGB:0.36|LR:0.47|N:305|Base:0.31,"Doji (十字星), Doji (十字星), Doji (十字星)",99.33,94.21,191.13,5.18,201.49,48.0,9174.0
2026-01-29,NVDA,英伟达,Stock,171764375,Strong,Short,30.1%,XGB:0.21|LGB:0.27|LR:0.35|N:304|Base:0.32,Doji (十字星),110.32,101.28,192.51,5.19,202.89,48.0,9240.0
2026-01-28,NVDA,英伟达,Stock,148552677,Strong,Short,29.0%,XGB:0.19|LGB:0.21|LR:0.30|N:303|Base:0.32,Doji (十字星),106.79,97.98,191.52,5.02,201.56,49.0,9384.0
2026-01-27,NVDA,英伟达,Stock,143711557,Strong,Short,31.1%,XGB:0.24|LGB:0.28|LR:0.43|N:302|Base:0.32,"Doji (十字星), Doji (十字星), Doji (十字星)",94.9,87.98,188.52,5.11,198.74,48.0,9048.0
2026-01-26,NVDA,英伟达,Stock,124799649,Strong,Short,37.7%,XGB:0.56|LGB:0.53|LR:0.47|N:301|Base:0.32,"Doji (十字星), Doji (十字星)",82.01,81.14,186.47,5.17,196.81,48.0,8950.0
2026-01-23,NVDA,英伟达,Stock,142748076,Strong,Short,43.4%,XGB:0.25|LGB:0.16|LR:0.58|HMM:1,"Bearish Engulfing (看跌吞没), Doji (十字星)",77.75,79.45,187.67,5.24,198.15,47.0,8820.0
2026-01-14,PLTR,帕兰提尔,Stock,33651401,Strong + AI_Bear,Short,56.4%,XGB:0.20|LGB:0.33|LR:0.69|HMM:1,"Bearish Engulfing (看跌吞没), Doji (十字星), Doji (十字星)",66.67,58.58,178.4,7.07,192.54,35.0,6244.0
2025-12-26,PLTR,帕兰提尔,Stock,26261988,Strong + AI_Bear,Short,56.4%,XGB:0.20|LGB:0.33|LR:0.69|HMM:1,Bearish Engulfing (看跌吞没),63.42,74.36,188.71,6.92,202.55,36.0,6793.0
2025-12-24,PLTR,帕兰提尔,Stock,11710125,Strong + Div,Short,28.9%,XGB:0.20|LGB:0.16|LR:0.48|N:281|Base:0.31,Doji (十字星),82.14,81.44,194.17,7.46,209.09,33.0,6407.0
2026-01-26,TSLA,特斯拉,Stock,49397415,Strong,Short,37.2%,XGB:0.44|LGB:0.41|LR:0.52|N:301|Base:0.35,Doji (十字星),72.38,21.65,435.2,15.14,465.48,16.0,6963.0
2026-01-23,TSLA,特斯拉,Stock,56771364,Strong,Short,34.4%,XGB:0.33|LGB:0.37|LR:0.38|N:300|Base:0.34,Doji (十字星),91.2,43.18,449.06,15.17,479.4,16.0,7184.0
2026-01-13,TSLA,特斯拉,Stock,53719214,Strong,Short,30.3%,XGB:0.14|LGB:0.20|LR:0.37|N:293|Base:0.34,Doji (十字星),76.45,51.93,447.2,15.87,478.94,15.0,6708.0
2025-12-24,TSLA,特斯拉,Stock,41285429,Strong,Short,31.0%,XGB:0.20|LGB:0.27|LR:0.37|N:281|Base:0.33,Doji (十字星),76.67,96.81,485.4,17.83,521.06,14.0,6795.0
2026-03-19,IWM,罗素2000指数ETF,Index ETF,58572670,Strong,Long,23.4%,XGB:0.08|LGB:0.15|LR:0.29|N:338|Base:0.27,Piercing Line (刺透形态),25.32,-5.02,247.63,5.57,236.49,44.0,10895.0
2026-03-17,IWM,罗素2000指数ETF,Index ETF,40245262,Strong,Long,26.4%,XGB:0.19|LGB:0.26|LR:0.35|N:336|Base:0.27,"Doji (十字星), Doji (十字星), Doji (十字星)",24.85,-2.53,250.05,5.51,239.03,45.0,11252.0
2026-03-16,IWM,罗素2000指数ETF,Index ETF,46739134,Strong,Long,25.2%,XGB:0.15|LGB:0.18|LR:0.37|N:335|Base:0.27,"Doji (十字星), Doji (十字星)",13.36,-5.76,248.92,5.72,237.48,43.0,10703.0
2026-03-13,IWM,罗素2000指数ETF,Index ETF,53403271,Strong + Div,Long,26.3%,XGB:0.18|LGB:0.22|LR:0.41|N:334|Base:0.27,"Bullish Engulfing (看涨吞没), Doji (十字星)",8.09,-5.14,246.59,5.78,235.03,43.0,10603.0
2026-03-12,IWM,罗素2000指数ETF,Index ETF,61523204,Strong + Div,Long,26.7%,XGB:0.26|LGB:0.15|LR:0.44|N:333|Base:0.27,"Bullish Engulfing (看涨吞没), Doji (十字星)",19.12,-2.8,247.41,5.84,235.73,42.0,10391.0
2026-03-11,IWM,罗素2000指数ETF,Index ETF,48718424,Strong,Long,29.5%,XGB:0.17|LGB:0.11|LR:0.48|N:332|Base:0.27,"Doji (十字星), Bullish Engulfing (看涨吞没), Doji (十字星), Doji (十字星)",37.12,12.76,252.85,5.8,241.25,43.0,10872.0
2026-03-10,IWM,罗素2000指数ETF,Index ETF,55691412,Strong,Long,30.1%,XGB:0.16|LGB:0.15|LR:0.50|N:331|Base:0.27,"Doji (十字星), Bullish Engulfing (看涨吞没), Doji (十字星)",31.06,14.22,253.36,5.96,241.44,41.0,10387.0
2026-03-09,IWM,罗素2000指数ETF,Index ETF,65138799,Strong,Long,30.8%,XGB:0.20|LGB:0.14|LR:0.53|N:330|Base:0.28,"Doji (十字星), Bullish Engulfing (看涨吞没)",22.51,14.96,253.62,6.01,241.6,41.0,10398.0
2026-03-06,IWM,罗素2000指数ETF,Index ETF,62809559,Strong,Long,34.9%,XGB:0.47|LGB:0.55|LR:0.57|N:329|Base:0.28,Doji (十字星),6.1,14.54,250.89,5.69,239.51,43.0,10788.0
2026-03-24,QQQ,纳斯达克100指数ETF,Index ETF,50831532,Strong,Long,26.9%,XGB:0.26|LGB:0.32|LR:0.45|N:341|Base:0.25,Doji (十字星),13.52,-6.04,583.98,10.2,563.58,24.0,14015.0
2026-03-23,QQQ,纳斯达克100指数ETF,Index ETF,85760937,Strong,Long,25.5%,XGB:0.03|LGB:0.05|LR:0.43|N:340|Base:0.25,"Doji (十字星), Doji (十字星)",13.94,-0.66,588.0,10.52,566.96,23.0,13524.0
2026-02-17,QQQ,纳斯达克100指数ETF,Index ETF,69013763,Strong,Long,31.9%,XGB:0.42|LGB:0.40|LR:0.62|N:316|Base:0.27,"Doji (十字星), Doji (十字星)",24.45,4.05,601.3,10.41,580.48,24.0,14431.0
2026-02-13,QQQ,纳斯达克100指数ETF,Index ETF,69237547,Strong,Long,31.0%,XGB:0.30|LGB:0.44|LR:0.62|N:315|Base:0.27,Doji (十字星),17.96,14.93,601.92,10.4,581.12,24.0,14446.0
2026-02-05,QQQ,纳斯达克100指数ETF,Index ETF,89354492,Strong,Long,36.1%,XGB:0.30|LGB:0.41|LR:0.76|N:309|Base:0.27,Doji (十字星),-8.13,18.74,597.03,9.89,577.25,25.0,14925.0
2026-03-10,SOXL,半导体3倍做多ETF,Index ETF,103643453,Strong,Long,39.6%,XGB:0.42|LGB:0.43|LR:0.58|N:331|Base:0.37,"Hammer (锤子线), Bullish Engulfing (看涨吞没)",27.07,16.66,54.59,6.14,42.31,40.0,2183.0
2026-03-09,SOXL,半导体3倍做多ETF,Index ETF,113362337,Strong,Long,36.3%,XGB:0.13|LGB:0.19|LR:0.47|N:330|Base:0.37,"Hammer (锤子线), Bullish Engulfing (看涨吞没)",11.95,13.11,53.32,6.27,40.78,39.0,2079.0
2026-03-24,SPY,标普500指数ETF,Index ETF,95310078,Strong,Long,23.5%,XGB:0.06|LGB:0.07|LR:0.76|N:341|Base:0.13,Doji (十字星),25.22,-7.26,653.18,9.71,633.76,25.0,16329.0
2026-03-23,SPY,标普500指数ETF,Index ETF,125203779,Strong,Long,23.9%,XGB:0.11|LGB:0.23|LR:0.72|N:340|Base:0.13,"Doji (十字星), Doji (十字星)",18.56,-4.04,655.38,9.9,635.58,25.0,16384.0
2026-03-19,SPY,标普500指数ETF,Index ETF,110067392,Strong + Div,Long,25.7%,XGB:0.15|LGB:0.26|LR:0.79|N:338|Base:0.13,Doji (十字星),6.62,-12.15,659.8,9.16,641.48,27.0,17814.0
2026-03-12,SPY,标普500指数ETF,Index ETF,107906562,Strong + Div,Long,24.9%,XGB:0.20|LGB:0.42|LR:0.68|N:333|Base:0.13,"Bullish Engulfing (看涨吞没), Doji (十字星)",21.75,-5.45,666.06,9.41,647.24,26.0,17317.0
2026-03-23,AAPL,苹果,Stock,37465587,Strong,Long,38.9%,XGB:0.29|LGB:0.32|LR:0.64|N:340|Base:0.34,"Doji (十字星), Doji (十字星)",24.94,6.25,251.49,5.59,240.31,44.0,11065.0
2026-03-20,AAPL,苹果,Stock,87981315,Strong + Div,Long,41.3%,XGB:0.50|LGB:0.64|LR:0.65|N:339|Base:0.34,"Doji (十字星), Doji (十字星)",7.59,9.96,247.99,5.51,236.97,45.0,11159.0
2026-03-19,AAPL,苹果,Stock,34568663,Strong + Div,Long,38.5%,XGB:0.23|LGB:0.33|LR:0.63|N:338|Base:0.34,Doji (十字星),8.11,11.97,248.96,5.69,237.58,43.0,10705.0
2026-03-18,AAPL,苹果,Stock,34652568,Strong + Div,Long,35.8%,XGB:0.33|LGB:0.36|LR:0.62|N:337|Base:0.34,Doji (十字星),11.99,14.01,249.94,5.78,238.38,43.0,10747.0
2026-03-16,AAPL,苹果,Stock,30091880,Strong,Long,43.5%,XGB:0.59|LGB:0.75|LR:0.58|N:335|Base:0.34,Doji (十字星),9.86,19.98,252.82,5.98,240.86,41.0,10365.0
2026-03-10,AAPL,苹果,Stock,26403306,Strong,Long,38.2%,XGB:0.22|LGB:0.34|LR:0.59|N:331|Base:0.35,"Doji (十字星), Doji (十字星), Bullish Engulfing (看涨吞没)",21.42,47.27,260.83,6.31,248.21,39.0,10172.0
2026-02-23,AAPL,苹果,Stock,37308155,Strong,Long,37.2%,XGB:0.16|LGB:0.16|LR:0.59|N:320|Base:0.35,"Doji (十字星), Bullish Engulfing (看涨吞没)",32.61,64.68,266.18,6.48,253.22,38.0,10114.0
2026-02-20,AAPL,苹果,Stock,42070499,Strong,Long,37.0%,XGB:0.15|LGB:0.17|LR:0.59|N:319|Base:0.35,"Doji (十字星), Bullish Engulfing (看涨吞没)",20.28,57.71,264.58,6.51,251.56,38.0,10054.0
2026-02-18,AAPL,苹果,Stock,34203337,Strong,Long,36.2%,XGB:0.15|LGB:0.19|LR:0.53|N:317|Base:0.35,Doji (十字星),12.83,57.23,264.35,6.66,251.03,37.0,9780.0
2026-01-23,AAPL,苹果,Stock,41688982,Strong,Long,33.1%,XGB:0.24|LGB:0.39|LR:0.24|N:300|Base:0.34,"Doji (十字星), Doji (十字星)",27.32,-14.24,248.04,4.87,238.3,51.0,12650.0
2026-01-22,AAPL,苹果,Stock,39708340,Strong,Long,35.3%,XGB:0.35|LGB:0.44|LR:0.31|N:299|Base:0.34,"Doji (十字星), Doji (十字星)",25.38,-13.71,248.35,4.88,238.59,51.0,12665.0
2026-01-21,AAPL,苹果,Stock,54641725,Strong,Long,37.4%,XGB:0.55|LGB:0.42|LR:0.30|N:298|Base:0.35,Doji (十字星),18.42,-14.91,247.65,5.0,237.65,50.0,12382.0
2026-01-15,AAPL,苹果,Stock,39388564,Strong + Div,Long,34.5%,XGB:0.15|LGB:0.15|LR:0.46|N:295|Base:0.35,"Doji (十字星), Doji (十字星), Doji (十字星)",15.94,-12.25,258.21,4.37,249.47,57.0,14717.0
2026-01-14,AAPL,苹果,Stock,40019421,Strong,Long,32.2%,XGB:0.15|LGB:0.22|LR:0.48|N:294|Base:0.35,"Doji (十字星), Doji (十字星), Doji (十字星), Doji (十字星)",18.47,-8.11,259.96,4.4,251.16,56.0,14557.0
2026-01-13,AAPL,苹果,Stock,45730847,Strong,Long,35.7%,XGB:0.18|LGB:0.16|LR:0.51|N:293|Base:0.35,"Doji (十字星), Doji (十字星), Doji (十字星)",18.46,-5.54,261.05,4.34,252.37,57.0,14879.0
2026-01-12,AAPL,苹果,Stock,45263767,Strong,Long,32.9%,XGB:0.22|LGB:0.20|LR:0.50|N:292|Base:0.35,"Doji (十字星), Doji (十字星), Doji (十字星)",11.25,-7.43,260.25,4.41,251.43,56.0,14574.0
2026-01-09,AAPL,苹果,Stock,39996967,Strong,Long,33.0%,XGB:0.30|LGB:0.12|LR:0.47|N:291|Base:0.35,"Doji (十字星), Doji (十字星)",3.68,-3.13,259.37,4.41,250.55,56.0,14524.0
2026-01-08,AAPL,苹果,Stock,50419337,Strong + Div,Long,32.6%,XGB:0.20|LGB:0.20|LR:0.43|N:290|Base:0.36,Doji (十字星),-3.17,-3.91,259.04,4.44,250.16,56.0,14506.0
2026-03-09,AMD,超威半导体,Stock,38678483,Strong,Long,34.2%,XGB:0.30|LGB:0.26|LR:0.52|N:330|Base:0.35,"Doji (十字星), Inverted Hammer (倒锤子线), Inverted Hammer (倒锤子线), Bullish Engulfing (看涨吞没)",39.97,3.26,202.68,10.91,180.86,22.0,4458.0
2026-03-06,AMD,超威半导体,Stock,33121910,Strong,Long,38.3%,XGB:0.46|LGB:0.45|LR:0.50|N:329|Base:0.35,"Doji (十字星), Inverted Hammer (倒锤子线)",20.26,-4.78,192.43,10.68,171.07,23.0,4425.0
2026-03-05,AMD,超威半导体,Stock,34772443,Strong,Long,39.3%,XGB:0.53|LGB:0.48|LR:0.47|N:328|Base:0.35,"Doji (十字星), Doji (十字星), Inverted Hammer (倒锤子线)",37.54,2.16,199.45,10.81,177.83,23.0,4587.0
2026-03-04,AMD,超威半导体,Stock,40110276,Strong,Long,41.2%,XGB:0.58|LGB:0.54|LR:0.56|N:327|Base:0.35,"Doji (十字星), Doji (十字星)",33.77,4.75,202.07,10.95,180.17,22.0,4445.0
2026-03-03,AMD,超威半导体,Stock,36191094,Strong + Div,Long,40.3%,XGB:0.58|LGB:0.49|LR:0.54|N:326|Base:0.35,Doji (十字星),12.89,-6.24,190.95,10.83,169.29,23.0,4391.0
2026-02-23,AMD,超威半导体,Stock,28187909,Strong + Div,Long,34.2%,XGB:0.20|LGB:0.32|LR:0.52|N:320|Base:0.35,"Doji (十字星), Doji (十字星)",11.7,-1.22,196.6,11.19,174.22,22.0,4325.0
2026-02-19,AMD,超威半导体,Stock,25842274,Strong,Long,34.2%,XGB:0.21|LGB:0.29|LR:0.54|N:318|Base:0.36,Doji (十字星),36.19,12.1,203.37,12.0,179.37,20.0,4067.0
2026-02-17,AMD,超威半导体,Stock,33712081,Strong,Long,40.0%,XGB:0.47|LGB:0.52|LR:0.55|N:316|Base:0.36,Doji (十字星),38.26,11.8,203.08,12.8,177.48,19.0,3858.0
2026-02-02,AMD,超威半导体,Stock,36308106,Strong,Long,41.0%,XGB:0.50|LGB:0.49|LR:0.62|N:306|Base:0.37,"Hammer (锤子线), Doji (十字星), Bullish Engulfing (看涨吞没)",24.53,78.09,246.27,11.5,223.27,21.0,5171.0
2026-01-12,AMD,超威半导体,Stock,27287274,Strong,Long,37.8%,XGB:0.42|LGB:0.41|LR:0.48|N:292|Base:0.36,Bullish Engulfing (看涨吞没),-2.31,13.75,207.69,8.62,190.45,29.0,6023.0
2026-03-24,AMZN,亚马逊,Stock,34266291,Strong,Long,40.4%,XGB:0.55|LGB:0.60|LR:0.57|N:341|Base:0.33,Doji (十字星),22.07,15.12,207.24,5.56,196.12,44.0,9118.0
2026-03-16,AMZN,亚马逊,Stock,42137043,Strong,Long,32.7%,XGB:0.22|LGB:0.32|LR:0.50|N:335|Base:0.33,Doji (十字星),24.18,23.25,211.74,5.92,199.9,42.0,8893.0
2026-02-18,AMZN,亚马逊,Stock,51003299,Strong,Long,33.1%,XGB:0.24|LGB:0.40|LR:0.32|N:317|Base:0.33,"Doji (十字星), Bullish Engulfing (看涨吞没)",18.27,2.7,204.79,7.06,190.67,35.0,7167.0
2026-02-17,AMZN,亚马逊,Stock,69879200,Strong,Long,33.5%,XGB:0.28|LGB:0.46|LR:0.23|N:316|Base:0.33,"Doji (十字星), Bullish Engulfing (看涨吞没)",0.46,-2.65,201.15,7.16,186.83,34.0,6839.0
2026-02-13,AMZN,亚马逊,Stock,66321593,Strong,Long,35.6%,XGB:0.64|LGB:0.60|LR:0.28|N:315|Base:0.33,Doji (十字星),-7.01,6.78,198.79,7.27,184.25,34.0,6758.0
2026-02-11,AMZN,亚马逊,Stock,65545455,Strong,Long,33.5%,XGB:0.40|LGB:0.26|LR:0.34|N:313|Base:0.34,Doji (十字星),-2.08,10.53,204.08,7.61,188.86,32.0,6530.0
2026-02-10,AMZN,亚马逊,Stock,67175031,Strong + Div,Long,33.8%,XGB:0.33|LGB:0.36|LR:0.34|N:312|Base:0.34,"Doji (十字星), Inverted Hammer (倒锤子线)",1.53,15.14,206.96,7.73,191.5,32.0,6622.0
2026-02-09,AMZN,亚马逊,Stock,91178443,Strong + Div,Long,33.2%,XGB:0.34|LGB:0.27|LR:0.38|N:311|Base:0.34,Doji (十字星),1.94,17.95,208.72,7.84,193.04,31.0,6470.0
2026-03-24,AVGO,,Stock,19731270,Strong,Long,41.4%,XGB:0.46|LGB:0.59|LR:0.52|N:341|Base:0.37,"Piercing Line (刺透形态), Doji (十字星)",24.8,37.42,318.29,13.27,291.75,18.0,5729.0
2026-03-23,AVGO,,Stock,27165250,Strong,Long,41.1%,XGB:0.52|LGB:0.48|LR:0.59|N:340|Base:0.37,Piercing Line (刺透形态),17.1,43.1,322.51,13.56,295.39,18.0,5805.0
2026-01-27,AVGO,,Stock,25537600,Strong,Long,46.4%,XGB:0.70|LGB:0.69|LR:0.52|N:302|Base:0.39,Doji (十字星),32.38,6.49,332.79,12.93,306.93,19.0,6323.0
2026-01-26,AVGO,,Stock,25006400,Strong,Long,41.2%,XGB:0.50|LGB:0.50|LR:0.42|N:301|Base:0.39,Doji (十字星),8.26,0.34,324.85,13.17,298.51,18.0,5847.0
2026-01-23,AVGO,,Stock,30259500,Strong + Div,Long,35.1%,XGB:0.21|LGB:0.27|LR:0.33|N:300|Base:0.39,Doji (十字星),-2.64,3.97,320.05,13.33,293.39,18.0,5760.0
2026-01-26,COIN,Coinbase,Stock,7077472,Strong + Div,Long,29.3%,XGB:0.20|LGB:0.22|LR:0.36|N:301|Base:0.31,Doji (十字星),-9.4,1.54,213.48,10.91,191.66,22.0,4696.0
2026-01-22,COIN,Coinbase,Stock,7088821,Strong,Long,32.9%,XGB:0.37|LGB:0.37|LR:0.37|N:299|Base:0.31,Doji (十字星),-11.76,6.06,223.14,11.58,199.98,21.0,4685.0
2026-01-21,COIN,Coinbase,Stock,8476486,Strong,Long,37.3%,XGB:0.51|LGB:0.61|LR:0.40|N:298|Base:0.32,Doji (十字星),-5.18,10.79,226.93,11.88,203.17,21.0,4765.0
2026-01-16,COIN,Coinbase,Stock,7622434,Strong,Long,38.9%,XGB:0.56|LGB:0.60|LR:0.59|N:296|Base:0.32,Doji (十字星),16.13,19.58,241.15,11.86,217.43,21.0,5064.0
2026-01-02,COIN,Coinbase,Stock,8760200,Strong,Long,29.7%,XGB:0.18|LGB:0.22|LR:0.45|N:286|Base:0.31,Doji (十字星),25.05,1.62,236.53,11.83,212.87,21.0,4967.0
2025-12-29,COIN,Coinbase,Stock,6362579,Strong + Div,Long,33.1%,XGB:0.31|LGB:0.38|LR:0.50|N:283|Base:0.31,Doji (十字星),0.58,-3.9,233.77,12.72,208.33,19.0,4441.0
2025-12-24,COIN,Coinbase,Stock,3869012,Strong,Long,32.2%,XGB:0.22|LGB:0.36|LR:0.52|N:281|Base:0.32,Doji (十字星),0.57,2.36,239.73,13.58,212.57,18.0,4315.0
2026-01-29,CRCL,,Stock,16968100,Strong + Div,Long,34.4%,XGB:0.35|LGB:0.65|LR:0.57|N:130|Base:0.32,Doji (十字星),17.16,12.62,67.55,4.98,57.59,50.0,3377.0
2026-01-27,CRCL,,Stock,10213400,Strong + Div,Long,31.6%,XGB:0.24|LGB:0.40|LR:0.42|N:128|Base:0.31,"Doji (十字星), Doji (十字星)",3.04,15.18,69.96,4.64,60.68,53.0,3707.0
2026-01-26,CRCL,,Stock,7238000,Strong + Div,Long,32.3%,XGB:0.16|LGB:0.17|LR:0.51|N:127|Base:0.31,"Doji (十字星), Doji (十字星)",-2.68,10.95,70.9,4.74,61.42,52.0,3686.0
2026-01-02,CRCL,,Stock,8382500,Strong,Long,34.0%,XGB:0.26|LGB:0.43|LR:0.33|N:112|Base:0.34,"Inverted Hammer (倒锤子线), Doji (十字星)",15.44,28.63,83.47,5.49,72.49,45.0,3756.0
2025-12-31,CRCL,,Stock,5754044,Strong,Long,31.5%,XGB:0.02|LGB:0.06|LR:0.39|N:111|Base:0.32,Inverted Hammer (倒锤子线),-7.22,23.3,79.3,5.51,68.28,45.0,3568.0
2025-12-30,CRCL,,Stock,7561660,Strong,Long,32.2%,XGB:0.04|LGB:0.09|LR:0.42|N:110|Base:0.33,"Inverted Hammer (倒锤子线), Doji (十字星)",3.38,24.06,79.89,5.81,68.27,43.0,3435.0
2025-12-29,CRCL,,Stock,7400508,Strong,Long,32.6%,XGB:0.13|LGB:0.39|LR:0.44|N:109|Base:0.33,Inverted Hammer (倒锤子线),23.81,24.85,80.51,6.0,68.51,41.0,3300.0
2026-03-10,CRWV,,Stock,15180127,Strong,Long,29.3%,XGB:0.24|LGB:0.22|LR:0.44|N:204|Base:0.30,"Doji (十字星), Doji (十字星)",4.25,-2.13,74.92,7.54,59.84,33.0,2472.0
2026-03-09,CRWV,,Stock,21487395,Strong,Long,34.0%,XGB:0.59|LGB:0.41|LR:0.48|N:203|Base:0.30,"Hammer (锤子线), Doji (十字星)",-0.4,-3.03,74.41,7.95,58.51,31.0,2306.0
2026-03-06,CRWV,,Stock,24994650,Strong + Div,Long,35.9%,XGB:0.71|LGB:0.53|LR:0.45|N:202|Base:0.30,"Hammer (锤子线), Doji (十字星)",-2.89,4.89,72.99,8.27,56.45,30.0,2189.0
2026-03-05,CRWV,,Stock,22667500,Strong,Long,33.9%,XGB:0.47|LGB:0.50|LR:0.47|N:201|Base:0.30,Hammer (锤子线),1.72,8.12,74.82,8.44,57.94,29.0,2169.0
2026-03-04,CRWV,,Stock,25322800,Strong,Long,39.9%,XGB:0.82|LGB:0.82|LR:0.60|N:200|Base:0.30,Hammer (锤子线),5.36,16.38,79.5,8.61,62.28,29.0,2305.0
2026-03-03,CRWV,,Stock,24549400,Strong,Long,34.8%,XGB:0.59|LGB:0.51|LR:0.46|N:199|Base:0.30,Hammer (锤子线),-5.66,6.28,73.78,8.74,56.3,28.0,2065.0
2026-03-06,GOOGL,谷歌,Stock,25386636,Strong,Long,38.4%,XGB:0.13|LGB:0.15|LR:0.54|N:329|Base:0.39,Doji (十字星),9.69,-4.92,298.52,8.36,281.8,29.0,8657.0
2026-03-05,GOOGL,谷歌,Stock,35513981,Strong + Div,Long,38.0%,XGB:0.15|LGB:0.16|LR:0.50|N:328|Base:0.39,"Doji (十字星), Doji (十字星)",14.39,-2.92,300.88,8.56,283.76,29.0,8725.0
2026-02-19,GOOGL,谷歌,Stock,25834395,Strong,Long,30.4%,XGB:0.04|LGB:0.04|LR:0.26|N:318|Base:0.39,"Doji (十字星), Doji (十字星), Doji (十字星)",10.71,-0.18,302.85,9.11,284.63,27.0,8176.0
2026-02-18,GOOGL,谷歌,Stock,28482075,Strong,Long,34.7%,XGB:0.04|LGB:0.05|LR:0.36|N:317|Base:0.39,"Doji (十字星), Doji (十字星)",4.63,0.53,303.33,9.39,284.55,26.0,7886.0
2026-02-17,GOOGL,谷歌,Stock,39247556,Strong + Div,Long,37.0%,XGB:0.12|LGB:0.11|LR:0.44|N:316|Base:0.39,Doji (十字星),-5.5,-1.4,302.02,9.8,282.42,25.0,7550.0
2026-03-19,HOOD,罗宾汉,Stock,21440117,Strong,Long,41.0%,XGB:0.54|LGB:0.63|LR:0.29|N:338|Base:0.36,Doji (十字星),19.86,8.56,74.16,4.43,65.3,56.0,4152.0
2026-03-18,HOOD,罗宾汉,Stock,21842423,Strong,Long,40.1%,XGB:0.78|LGB:0.83|LR:0.28|N:337|Base:0.36,Doji (十字星),18.62,9.92,74.9,4.5,65.9,55.0,4119.0
2026-03-17,HOOD,罗宾汉,Stock,20131531,Strong,Long,39.8%,XGB:0.42|LGB:0.65|LR:0.24|N:336|Base:0.36,Doji (十字星),19.07,14.43,77.35,4.66,68.03,53.0,4099.0
2026-03-16,HOOD,罗宾汉,Stock,22641027,Strong,Long,38.8%,XGB:0.45|LGB:0.57|LR:0.23|N:335|Base:0.36,Doji (十字星),4.41,10.67,75.31,4.83,65.65,51.0,3840.0
2026-02-24,HOOD,罗宾汉,Stock,23571757,Strong,Long,32.6%,XGB:0.21|LGB:0.21|LR:0.27|N:321|Base:0.37,Piercing Line (刺透形态),31.42,2.53,73.39,5.6,62.19,44.0,3229.0
2026-02-20,HOOD,罗宾汉,Stock,30283907,Strong,Long,37.3%,XGB:0.40|LGB:0.37|LR:0.35|N:319|Base:0.37,Inverted Hammer (倒锤子线),32.92,3.48,76.11,5.75,64.61,43.0,3272.0
2026-02-18,HOOD,罗宾汉,Stock,25655440,Strong,Long,34.6%,XGB:0.28|LGB:0.21|LR:0.45|N:317|Base:0.37,Doji (十字星),27.98,2.19,75.21,6.22,62.77,40.0,3008.0
2026-02-17,HOOD,罗宾汉,Stock,31818504,Strong,Long,37.6%,XGB:0.40|LGB:0.33|LR:0.51|N:316|Base:0.37,Doji (十字星),26.93,2.52,75.44,6.38,62.68,39.0,2942.0
2026-02-13,HOOD,罗宾汉,Stock,43506942,Strong,Long,41.4%,XGB:0.61|LGB:0.40|LR:0.58|N:315|Base:0.37,Doji (十字星),22.52,2.25,75.97,6.57,62.83,38.0,2886.0
2026-01-27,HOOD,罗宾汉,Stock,18339511,Strong + Div,Long,37.5%,XGB:0.44|LGB:0.30|LR:0.36|N:302|Base:0.38,Doji (十字星),1.68,-5.82,105.24,5.09,95.06,49.0,5156.0
2026-01-26,HOOD,罗宾汉,Stock,11501606,Strong,Long,38.7%,XGB:0.44|LGB:0.39|LR:0.40|N:301|Base:0.38,"Doji (十字星), Doji (十字星), Doji (十字星)",7.29,-1.95,107.0,5.14,96.72,48.0,5136.0
2026-01-23,HOOD,罗宾汉,Stock,17691110,Strong,Long,43.3%,XGB:0.66|LGB:0.56|LR:0.41|N:300|Base:0.38,"Doji (十字星), Doji (十字星), Doji (十字星)",3.23,3.33,106.99,5.25,96.49,47.0,5028.0
2026-01-22,HOOD,罗宾汉,Stock,14834367,Strong,Long,32.8%,XGB:0.20|LGB:0.21|LR:0.25|N:299|Base:0.37,"Doji (十字星), Doji (十字星)",-2.76,1.7,106.25,5.26,95.73,47.0,4993.0
2026-01-21,HOOD,罗宾汉,Stock,20051270,Strong,Long,33.7%,XGB:0.25|LGB:0.22|LR:0.26|N:298|Base:0.37,"Doji (十字星), Doji (十字星)",-4.91,0.98,105.92,5.43,95.06,46.0,4872.0
2026-01-20,HOOD,罗宾汉,Stock,23515700,Strong,Long,37.2%,XGB:0.34|LGB:0.45|LR:0.25|N:297|Base:0.37,Doji (十字星),-2.77,0.67,105.78,5.58,94.62,44.0,4654.0
2026-01-02,HOOD,罗宾汉,Stock,25793456,Strong,Long,31.9%,XGB:0.34|LGB:0.20|LR:0.52|HMM:1,Doji (十字星),17.64,23.84,115.21,4.93,105.35,50.0,5760.0
2026-03-23,META,元宇宙(Facebook),Stock,13258580,Strong,Long,32.2%,XGB:0.16|LGB:0.31|LR:0.47|N:340|Base:0.34,Doji (十字星),9.91,-2.4,604.06,18.01,568.04,13.0,7852.0
2026-03-18,META,元宇宙(Facebook),Stock,11622275,Strong,Long,43.7%,XGB:0.70|LGB:0.71|LR:0.51|N:337|Base:0.34,Doji (十字星),3.18,2.38,615.68,18.52,578.64,13.0,8003.0
2026-03-16,META,元宇宙(Facebook),Stock,14353381,Strong,Long,35.9%,XGB:0.36|LGB:0.39|LR:0.49|N:335|Base:0.34,Doji (十字星),10.55,8.73,627.45,19.67,588.11,12.0,7529.0
2026-01-20,META,元宇宙(Facebook),Stock,15169565,Strong + Div,Long,31.6%,XGB:0.09|LGB:0.27|LR:0.43|N:297|Base:0.35,Doji (十字星),0.17,14.97,604.12,14.95,574.22,16.0,9665.0
2026-03-23,MSFT,微软,Stock,28357488,Strong,Long,29.3%,XGB:0.27|LGB:0.20|LR:0.23|N:340|Base:0.32,Doji (十字星),-6.13,0.37,383.0,8.5,366.0,29.0,11107.0
2026-03-19,MSFT,微软,Stock,24689447,Strong,Long,26.9%,XGB:0.10|LGB:0.17|LR:0.22|N:338|Base:0.32,Doji (十字星),-9.08,8.7,389.02,8.72,371.58,28.0,10892.0
2026-02-20,MSFT,微软,Stock,34015249,Strong,Long,26.7%,XGB:0.12|LGB:0.17|LR:0.02|N:319|Base:0.33,"Doji (十字星), Doji (十字星), Doji (十字星)",10.17,1.57,397.23,11.0,375.23,22.0,8739.0
2026-02-19,MSFT,微软,Stock,28234001,Strong,Long,27.6%,XGB:0.15|LGB:0.20|LR:0.03|N:318|Base:0.33,"Doji (十字星), Doji (十字星), Doji (十字星), Doji (十字星)",18.43,2.55,398.46,11.46,375.54,21.0,8367.0
2026-02-18,MSFT,微软,Stock,23223417,Strong,Long,28.2%,XGB:0.34|LGB:0.38|LR:0.04|N:317|Base:0.33,"Doji (十字星), Doji (十字星), Doji (十字星)",21.62,3.46,399.6,11.75,376.1,21.0,8391.0
2026-02-17,MSFT,微软,Stock,32078794,Strong,Long,31.5%,XGB:0.33|LGB:0.34|LR:0.04|N:316|Base:0.33,Doji (十字星),20.09,1.27,396.86,12.17,372.52,20.0,7937.0
2026-02-13,MSFT,微软,Stock,34091553,Strong,Long,31.9%,XGB:0.29|LGB:0.41|LR:0.06|N:315|Base:0.33,"Doji (十字星), Doji (十字星)",30.53,6.72,401.32,12.59,376.14,19.0,7625.0
2026-02-10,MSFT,微软,Stock,44857850,Strong,Long,35.7%,XGB:0.41|LGB:0.54|LR:0.20|N:312|Base:0.33,"Doji (十字星), Doji (十字星)",31.87,16.26,413.27,13.18,386.91,18.0,7438.0
2026-02-09,MSFT,微软,Stock,45480526,Strong,Long,37.3%,XGB:0.64|LGB:0.83|LR:0.30|N:311|Base:0.33,"Doji (十字星), Doji (十字星)",9.12,16.52,413.6,13.35,386.9,18.0,7444.0
2026-02-06,MSFT,微软,Stock,53515311,Strong,Long,31.6%,XGB:0.30|LGB:0.38|LR:0.05|N:310|Base:0.33,Doji (十字星),-6.21,11.58,401.14,13.3,374.54,18.0,7220.0
2026-02-04,MSFT,微软,Stock,45012374,Strong,Long,30.6%,XGB:0.22|LGB:0.33|LR:0.12|N:308|Base:0.33,Doji (十字星),-10.0,9.95,414.19,13.01,388.17,19.0,7869.0
2026-02-02,MSFT,微软,Stock,42219858,Strong + Div,Long,34.1%,XGB:0.52|LGB:0.63|LR:0.22|N:306|Base:0.33,Hammer (锤子线),1.32,7.28,423.37,13.07,397.23,19.0,8044.0
2026-01-22,MSFT,微软,Stock,25349378,Strong,Long,32.6%,XGB:0.52|LGB:0.55|LR:0.16|N:299|Base:0.33,"Doji (十字星), Doji (十字星)",18.44,16.89,451.14,8.94,433.26,27.0,12180.0
2026-01-20,MSFT,微软,Stock,26129992,Strong + Div,Long,29.4%,XGB:0.12|LGB:0.23|LR:0.24|N:297|Base:0.33,Doji (十字星),-0.15,8.43,454.52,8.42,437.68,29.0,13181.0
2026-01-16,MSFT,微软,Stock,34246650,Strong,Long,34.1%,XGB:0.36|LGB:0.41|LR:0.26|N:296|Base:0.33,Doji (十字星),-4.52,10.7,459.86,8.26,443.34,30.0,13795.0
2026-01-05,MSFT,微软,Stock,25250260,Strong,Long,35.3%,XGB:0.43|LGB:0.40|LR:0.32|N:287|Base:0.34,Doji (十字星),5.04,13.02,472.85,7.58,457.69,32.0,15131.0
2026-03-24,NVDA,英伟达,Stock,142336713,Strong,Long,38.9%,XGB:0.40|LGB:0.44|LR:0.69|N:341|Base:0.35,Doji (十字星),9.33,0.78,175.2,5.51,164.18,45.0,7883.0
2026-03-19,NVDA,英伟达,Stock,168466737,Strong,Long,39.6%,XGB:0.45|LGB:0.52|LR:0.56|N:338|Base:0.35,Doji (十字星),24.05,19.46,178.56,5.69,167.18,43.0,7678.0
2026-03-09,NVDA,英伟达,Stock,176552775,Strong,Long,39.8%,XGB:0.46|LGB:0.56|LR:0.51|N:330|Base:0.35,Bullish Engulfing (看涨吞没),21.9,30.26,182.65,6.45,169.75,38.0,6940.0
2026-01-21,NVDA,英伟达,Stock,200380959,Strong,Long,41.8%,XGB:0.55|LGB:0.75|LR:0.43|N:298|Base:0.35,Doji (十字星),33.6,65.4,183.32,5.57,172.18,44.0,8066.0
2026-01-14,NVDA,英伟达,Stock,159586135,Strong + Div,Long,38.2%,XGB:0.49|LGB:0.44|LR:0.54|N:294|Base:0.35,Doji (十字星),7.73,55.1,183.14,5.15,172.84,48.0,8790.0
2026-02-24,PLTR,帕兰提尔,Stock,47121438,Strong + Div,Long,36.7%,XGB:0.28|LGB:0.48|LR:0.41|N:321|Base:0.36,"Hammer (锤子线), Doji (十字星)",23.49,-6.05,128.84,7.73,113.38,32.0,4122.0
2026-02-18,PLTR,帕兰提尔,Stock,59677079,Strong,Long,41.6%,XGB:0.53|LGB:0.57|LR:0.54|N:317|Base:0.36,Doji (十字星),39.71,-2.98,135.38,8.47,118.44,29.0,3926.0
2026-02-10,PLTR,帕兰提尔,Stock,56061308,Strong,Long,48.8%,XGB:0.79|LGB:0.89|LR:0.67|N:312|Base:0.37,Doji (十字星),35.01,-0.1,139.51,8.85,121.81,28.0,3906.0
2026-02-09,PLTR,帕兰提尔,Stock,58042462,Strong,Long,46.1%,XGB:0.67|LGB:0.75|LR:0.68|N:311|Base:0.37,Doji (十字星),32.75,3.65,142.91,8.93,125.05,27.0,3858.0
2026-02-06,PLTR,帕兰提尔,Stock,62661425,Strong,Long,43.9%,XGB:0.66|LGB:0.62|LR:0.60|N:310|Base:0.36,Doji (十字星),13.22,-2.63,135.9,8.76,118.38,28.0,3805.0
2026-01-26,PLTR,帕兰提尔,Stock,22777164,Strong,Long,43.0%,XGB:0.58|LGB:0.66|LR:0.53|N:301|Base:0.37,Doji (十字星),28.73,14.97,167.47,6.81,153.85,36.0,6028.0
2026-01-06,PLTR,帕兰提尔,Stock,34838611,Strong,Long,39.3%,XGB:0.50|LGB:0.43|LR:0.46|N:288|Base:0.37,Doji (十字星),23.62,57.5,179.71,7.4,164.91,33.0,5930.0
2026-01-05,PLTR,帕兰提尔,Stock,39511693,Strong,Long,33.3%,XGB:0.21|LGB:0.22|LR:0.34|N:287|Base:0.37,Doji (十字星),-1.53,48.91,174.04,7.49,159.06,33.0,5743.0
2026-03-16,TSLA,特斯拉,Stock,57799658,Strong,Long,33.8%,XGB:0.18|LGB:0.30|LR:0.49|N:335|Base:0.36,Doji (十字星),35.8,10.27,395.56,13.85,367.86,18.0,7120.0
2026-02-24,TSLA,特斯拉,Stock,58579482,Strong,Long,33.3%,XGB:0.24|LGB:0.23|LR:0.42|N:321|Base:0.36,Bullish Engulfing (看涨吞没),21.44,14.99,409.38,14.85,379.68,16.0,6550.0
2026-02-06,TSLA,特斯拉,Stock,62677144,Strong,Long,42.9%,XGB:0.68|LGB:0.59|LR:0.44|N:310|Base:0.36,Doji (十字星),30.52,10.48,411.11,16.39,378.33,15.0,6166.0
2026-02-05,TSLA,特斯拉,Stock,72819838,Strong + Div,Long,37.1%,XGB:0.40|LGB:0.36|LR:0.44|N:309|Base:0.36,Doji (十字星),7.39,0.76,397.21,16.32,364.57,15.0,5958.0
2026-02-03,TSLA,特斯拉,Stock,56886549,Strong,Long,39.3%,XGB:0.42|LGB:0.48|LR:0.52|N:307|Base:0.36,"Doji (十字星), Doji (十字星)",13.25,1.55,421.96,15.5,390.96,16.0,6751.0
2026-02-02,TSLA,特斯拉,Stock,58739455,Strong,Long,46.1%,XGB:0.72|LGB:0.78|LR:0.56|N:306|Base:0.37,Doji (十字星),15.43,0.74,421.81,15.54,390.73,16.0,6748.0
2026-01-30,TSLA,特斯拉,Stock,82626066,Strong,Long,44.6%,XGB:0.71|LGB:0.66|LR:0.52|N:305|Base:0.37,Inverted Hammer (倒锤子线),24.93,19.27,430.41,15.52,399.37,16.0,6886.0
2026-01-08,TSLA,特斯拉,Stock,57041094,Strong,Long,30.9%,XGB:0.25|LGB:0.27|LR:0.49|HMM:1,Piercing Line (刺透形态),5.62,48.64,435.8,15.42,404.96,16.0,6972.0
2026-02-27,NO_SIGNAL,无信号,Info,0,No Signal,,,,无信号,,,,,,,
